iter	RMSE
0	3633.852846
1	3044.063155
2	2658.762969
3	2410.683561
4	2223.37717
5	2106.684343
6	2032.41399
7	1966.883554
8	1912.445916
9	1879.478505
10	1850.959163
11	1833.552995
12	1818.087845
13	1801.856443
14	1792.57083
15	1779.054303
16	1769.852075
17	1760.228809
18	1753.653769
19	1747.132596
20	1741.513427
21	1735.197096
22	1728.704237
23	1723.270856
24	1715.046284
25	1712.423221
26	1703.499727
27	1698.790673
28	1694.331419
29	1688.963112
